"cutoff","lm.mse","slm.mse","grf.mse"
150,0.0458028194665045,0.0458028194665044,0.031889930367508
151,0.0428521501929092,0.0428521501929091,0.0304500619158444
