"cutoff","lm.mse","slm.mse","grf.mse","augmented.grf.mse"
150,0.0425362087267756,0.0425362087267754,0.0345157856824305,0.0306097819974131
151,0.0400036083487485,0.0400036083487484,0.0329525896903935,0.0292344968887629
